origin,angles,info
"< 0, 0, 0 >","< 0, 0, 0>" ,"pakData.playlist:fs_realistic_ttv"
"< 0, 0, 0 >","< 0, 0, 0>" ,"pakData.map:mp_rr_desertlands_64k_x_64k"
"< 0, 0, 0 >","< 0, 0, 0>" ,"pakData.spawnsCount:28"
"< 0, 0, 0 >","< 0, 0, 0>" ,"pakData.teamCount:1"
"< 0, 0, 0 >","< 0, 0, 0>" ,"pakData.devAutoSave:true"
"< 7949.97, 6972.48, -4295.84>","< 6.77847, 357.048, 0>"  ,"spawn_0"
"< 9343.79, 7849.43, -4295.97>","< 8.04683, 165.932, 0>"  ,"spawn_1"
"< 11858.7, 8731.13, -4303.91>","< 9.61595, 242.248, 0>"  ,"spawn_2"
"< 13567.6, 5695.22, -4295.97>","< 12.2716, 145.93, 0>"  ,"spawn_3"
"< 12533.1, 3265.82, -4265.09>","< 22.3811, 149.048, 0>"  ,"spawn_4"
"< 10426.1, 2755.92, -4295.97>","< 3.77582, 177.487, 0>"  ,"spawn_5"
"< 8578.26, 2888.71, -4299.97>","< 11.5373, 7.0272, 0>"  ,"spawn_6"
"< 9399.52, 1887.65, -4119.38>","< 23.7889, 33.0398, 0>"  ,"spawn_7"
"< 7754.76, 2853.5, -4295.97>","< 8.2394, 81.903, 0>"  ,"spawn_8"
"< 6775.65, 5405.36, -4295.97>","< 12.9535, 269.486, 0>"  ,"spawn_9"
"< 6735.04, 6453.78, -4295.97>","< 1.39726, 87.6608, 0>"  ,"spawn_10"
"< 10324.9, 9168.31, -4295.97>","< 7.871, 175.757, 0>"  ,"spawn_11"
"< 9776.63, 8406.29, -4399.97>","< 5.03432, 89.3581, 0>"  ,"spawn_12"
"< 7793.43, 7849.09, -4295.97>","< 5.29575, 355.181, 0>"  ,"spawn_13"
"< 7329.49, 6952.29, -4559.97>","< 1.28084, 90.8464, 0>"  ,"spawn_14"
"< 7992.18, 6039.97, -4327.97>","< 1.04991, 224.364, 0>"  ,"spawn_15"
"< 7826, 6470.34, -4328.97>","< 10.6331, 310.696, 0>"  ,"spawn_16"
"< 9405.2, 3535.55, -4163.97>","< 3.31843, 208.021, 0>"  ,"spawn_17"
"< 9054.18, 9086.62, -4399.97>","< 0.207539, 257.298, 0>"  ,"spawn_18"
"< 13412.1, 6719.05, -4127.97>","< 7.61713, 178.734, 0>"  ,"spawn_19"
"< 13354.7, 5340.18, -4295.97>","< 1.86776, 7.3544, 0>"  ,"spawn_20"
"< 6784.83, 4530.04, -4295.97>","< 3.63079, 5.17725, 0>"  ,"spawn_21"
"< 6766.87, 5843.91, -4097.97>","< 2.8165, 269.267, 0>"  ,"spawn_22"
"< 6531.2, 4994.04, -4098.8>","< 3.23897, 359.418, 0>"  ,"spawn_23"
"< 6753.21, 5827.06, -3903.97>","< 1.54284, 267.903, 0>"  ,"overfill"
"< 6798.8, 5073.1, -3897.22>","< 5.31227, 173.292, 0>"  ,"overfill"
"< 6790.2, 5076.31, -3503.97>","< 1.0978, 1.78262, 0>"  ,"overfill"
"< 11705.6, 6315.54, -4495.97>","< 357.53, 269.225, 0>"  ,"spawn_27"
vector,vector,string
