origin,angles,info
"< 0, 0, 0 >","< 0, 0, 0>" ,"pakData.playlist:fs_1v1"
"< 0, 0, 0 >","< 0, 0, 0>" ,"pakData.map:mp_rr_party_crasher"
"< 0, 0, 0 >","< 0, 0, 0>" ,"pakData.spawnsCount:24"
"< 0, 0, 0 >","< 0, 0, 0>" ,"pakData.teamCount:2"
"< 0, 0, 0 >","< 0, 0, 0>" ,"pakData.devAutoSave:false"
"< -1387.71, 2184.46, 834.302>","< 0, 40, 0>"  ,"spawn_2"
"< -1050.73, 2471.19, 834.302>","< 0, 220, 0>"  ,"spawn_3"
"< -1774.73, 42.2706, 1177.18>","< 0, 30, 0>"  ,"spawn_4"
"< -875.26, 530.277, 1079.86>","< 0, 208, 0>"  ,"spawn_5"
"< 2013.12, 2245.02, 920.031>","< 0, 300, 0>"  ,"spawn_16"
"< 2550.29, 1371.93, 920.031>","< 0, 121, 0>"  ,"spawn_17"
"< 835.26, 2797.75, 940.031>","< 0, 132, 0>"  ,"spawn_18"
"< 544.371, 3121.64, 940.031>","< 0, 313, 0>"  ,"spawn_19"
"< 1509.87, 195.799, 543.613>","< 0, 181, 0>"  ,"spawn_24"
"< 839.514, 191.83, 543.613>","< 0, 0, 0>"  ,"spawn_25"
"< 1709.77, 1919.07, 704.031>","< 355.478, 300.765, 0>"  ,"spawn_24"
"< 2118.98, 1249.39, 704.031>","< 357.569, 120.376, 0>"  ,"spawn_25"
"< 2629.93, 1649.96, 704.031>","< 3.37877, 119.27, 0>"  ,"spawn_26"
"< 2290.36, 2203.46, 704.031>","< 2.41918, 300.644, 0>"  ,"spawn_27"
"< -1377.55, 390.432, 1300.18>","< 2.57576, 315.393, 0>"  ,"spawn_26"
"< -961.083, 75.6906, 1284.54>","< 1.11126, 140.64, 0>"  ,"spawn_27"
"< 2530.45, -605.9, 730.031>","< 0.521625, 59.949, 0>"  ,"spawn_24"
"< 2361.74, -42.2666, 730.031>","< 2.85193, 331.634, 0>"  ,"spawn_25"
"< 705.12, 3561.79, 740.031>","< 2.38213, 257.147, 0>"  ,"spawn_26"
"< 1036.83, 3124.73, 740.031>","< 3.11866, 173.657, 0>"  ,"spawn_27"
"< -858.772, -1223.43, 1269.23>","< 7.51146, 29.2741, 0>"  ,"spawn_24"
"< -308.399, -907.878, 1209.35>","< 355.075, 204.25, 0>"  ,"spawn_25"
"< 4236.71, -1165.06, 563.283>","< 357.097, 116.522, 0>"  ,"spawn_26"
"< 4023.17, -711.163, 563.176>","< 359.203, 295.545, 0>"  ,"spawn_27"
vector,vector,string
