origin,angles,info
"< 0, 0, 0 >","< 0, 0, 0>" ,"pakData.playlist:fs_realistic_ttv"
"< 0, 0, 0 >","< 0, 0, 0>" ,"pakData.map:mp_rr_desertlands_64k_x_64k"
"< 0, 0, 0 >","< 0, 0, 0>" ,"pakData.spawnsCount:17"
"< 0, 0, 0 >","< 0, 0, 0>" ,"pakData.teamCount:1"
"< 0, 0, 0 >","< 0, 0, 0>" ,"pakData.devAutoSave:false"
"< 11678.2, 6550.81, -3967.97>","< 357.577, 180.032, 0>"  ,"tier1"
"< 11674.1, 4842.03, -3966.97>","< 351.88, 149.589, 0>"  ,"tier1"
"< 8272.01, 6535.71, -4008.97>","< 355.6, 339.743, 0>"  ,"tier1"
"< 9709.92, 5911.64, -3695.97>","< 352.555, 314.94, 0>"  ,"tier1"
"< 10157.5, 7111.27, -4303.91>","< 353.499, 258.423, 0>"  ,"tier1"
"< 8752.91, 5933.95, -4327.97>","< 351.549, 269.472, 0>"  ,"tier1"
"< 9027.06, 4685.41, -4303.96>","< 6.62689, 275.679, 0>"  ,"tier1"
"< 10905.4, 3744.61, -4295.97>","< 351.041, 114.429, 0>"  ,"tier1"
"< 9288.01, 6668.74, -4293.51>","< 352.715, 174.895, 0>"  ,"tier1"
"< 7820.69, 4796.49, -4303.95>","< 351.915, 22.8708, 0>"  ,"tier1"
"< 10427.5, 4782.77, -4303.91>","< 358.606, 1.77895, 0>"  ,"tier1"
"< 10579.4, 6300.31, -4303.91>","< 357.756, 80.2131, 0>"  ,"tier1"
"< 9110.75, 7386.84, -4363.66>","< 348.475, 310.287, 0>"  ,"tier1"
"< 9695.31, 4787.36, -4303.94>","< 353.787, 11.9201, 0>"  ,"tier1"
"< 10578.7, 5460.64, -4303.91>","< 1.87995, 84.5253, 0>"  ,"tier1"
"< 11636.7, 6047.16, -3967.97>","< 346.894, 178.739, 0>"  ,"tier1"
"< 8156.59, 5824.96, -3888.97>","< 349.677, 1.19938, 0>"  ,"tier1"
vector,vector,string
