origin,angles,info
"< 0, 0, 0 >","< 0, 0, 0>" ,"pakData.playlist:fs_1v1"
"< 0, 0, 0 >","< 0, 0, 0>" ,"pakData.map:mp_rr_aqueduct"
"< 0, 0, 0 >","< 0, 0, 0>" ,"pakData.spawnsCount:24"
"< 0, 0, 0 >","< 0, 0, 0>" ,"pakData.teamCount:2"
"< 0, 0, 0 >","< 0, 0, 0>" ,"pakData.devAutoSave:false"
"< -6775.58, -204.994, 106.12>","< 0, -32.8352, 0>"  ,"spawn_0"
"< -6230.73, -527.87, 107.595>","< 0, 144.086, 0>"  ,"spawn_1"
"< 3263.02, -3556.06, 273.576>","< 0, 8.61376, 0>"  ,"spawn_2"
"< 3784.32, -3452.92, 272.031>","< 0, -171.172, 0>"  ,"spawn_3"
"< 8502.62, -615.899, 315.015>","< 0, -60.9691, 0>"  ,"spawn_4"
"< 9021.85, -1498.87, 310.646>","< 0, 117.371, 0>"  ,"spawn_5"
"< 167.033, -6722.07, 336.031>","< 0, -1.60794, 0>"  ,"spawn_6"
"< 1296.92, -6719.25, 336.031>","< 0, 178.672, 0>"  ,"spawn_7"
"< 2809.95, -4459.85, 361.746>","< 0, -88.6164, 0>"  ,"spawn_10"
"< 2738.17, -5504.04, 388.564>","< 0, 82.8683, 0>"  ,"spawn_11"
"< -444.895, -2472.05, -313.453>","< 0, -6.28804, 0>"  ,"spawn_12"
"< 34.0829, -2517.1, -311.327>","< 0, 170.668, 0>"  ,"spawn_13"
"< 2050.99, -3850.13, 432.031>","< 0, -174.604, 0>"  ,"spawn_14"
"< 1504.5, -3880.6, 432.031>","< 0, 0.203578, 0>"  ,"spawn_15"
"< 234.72, -4128.63, 273.225>","< 0, -94.9567, 0>"  ,"spawn_16"
"< 214.551, -4557.27, 272.031>","< 0, 87.0344, 0>"  ,"spawn_17"
"< -2457.16, -5476.83, 400.031>","< 0, -12.8817, 0>"  ,"spawn_20"
"< -1929.42, -5594.64, 400.031>","< 0, 165.04, 0>"  ,"spawn_21"
"< -81.6943, -3906.93, 432.031>","< 0, 171.29, 0>"  ,"spawn_22"
"< -640.369, -3834.14, 432.031>","< 0, -13.2759, 0>"  ,"spawn_23"
"< -3015.57, -3553.15, 272.031>","< 0, -140.036, 0>"  ,"spawn_24"
"< -3493.69, -4762.41, 272.032>","< 0, 84.9091, 0>"  ,"spawn_25"
"< 4944.44, -4770.97, 272.033>","< 1.31602, 86.6641, 0>"  ,"spawn_22"
"< 4428.41, -3582.22, 272.031>","< 358.503, 316.868, 0>"  ,"spawn_23"
vector,vector,string
