origin,angles,info
"< 0, 0, 0 >","< 0, 0, 0>" ,"pakData.playlist:fs_1v1"
"< 0, 0, 0 >","< 0, 0, 0>" ,"pakData.map:mp_rr_arena_phase_runner"
"< 0, 0, 0 >","< 0, 0, 0>" ,"pakData.spawnsCount:24"
"< 0, 0, 0 >","< 0, 0, 0>" ,"pakData.teamCount:2"
"< 0, 0, 0 >","< 0, 0, 0>" ,"pakData.devAutoSave:false"
"< 27566.5, 18078, -1214.57>","< 1.24445, 239.637, 0>"  ,"spawn_16"
"< 27349.1, 17713, -1247.01>","< 353.094, 55.0888, 0>"  ,"spawn_17"
"< 27927, 21191.8, -1018.33>","< 1.0093, 158.675, 0>"  ,"spawn_18"
"< 27233.2, 21410.8, -1022.63>","< 357.163, 342.076, 0>"  ,"spawn_19"
"< 27552.1, 22250.9, -927.969>","< 359.775, 264.836, 0>"  ,"spawn_20"
"< 27533.4, 21859, -927.969>","< 0.403753, 89.4669, 0>"  ,"spawn_21"
"< 23239.9, 20568.8, -1138.54>","< 358.043, 224.603, 0>"  ,"spawn_26"
"< 22911.7, 20266.1, -1157.2>","< 357.539, 39.0867, 0>"  ,"spawn_27"
"< 23664.5, 19316.6, -1237.08>","< 5.26199, 283.123, 0>"  ,"spawn_30"
"< 23576.5, 18967.8, -1308.6>","< 345.153, 64.4914, 0>"  ,"spawn_31"
"< 27156.2, 18361.3, -1343.92>","< 359.521, 45.4296, 0>"  ,"spawn_42"
"< 27558.3, 18735.2, -1343.71>","< 358.62, 221.592, 0>"  ,"spawn_43"
"< 28997.2, 20585.4, -1158.11>","< 356.587, 313.667, 0>"  ,"spawn_48"
"< 29318.5, 20215.8, -1164.82>","< 355.302, 130.487, 0>"  ,"spawn_49"
"< 25977.2, 21533.6, -1119.97>","< 6.1809, 176.922, 0>"  ,"spawn_56"
"< 25579.8, 21543, -1117.96>","< 2.82716, 358.898, 0>"  ,"spawn_57"
"< 21507, 17173.9, -895.969>","< 356.184, 161.895, 0>"  ,"spawn_34"
"< 21129.4, 17137.4, -895.558>","< 358.61, 24.3684, 0>"  ,"spawn_35"
"< 24685.1, 21856.5, -927.969>","< 356.879, 88.8312, 0>"  ,"spawn_38"
"< 24685.1, 22257.5, -927.969>","< 359.323, 268.375, 0>"  ,"spawn_39"
"< 27548.9, 14921, -1193.76>","< 6.47815, 177.837, 0>"  ,"spawn_40"
"< 26988.8, 14925.6, -1213.83>","< 2.8346, 1.52333, 0>"  ,"spawn_41"
"< 29136.1, 14687.5, -1283.81>","< 347.653, 291.193, 0>"  ,"spawn_42"
"< 29371.3, 14106.6, -1174.76>","< 6.48204, 109.424, 0>"  ,"spawn_43"
vector,vector,string
